INSERT INTO Cinema VALUES ('AUA Cinema', 'Good although area audience drop.');

INSERT INTO Cinema_Branches VALUES (1, 'Bryanfort', 'AUA Cinema');
INSERT INTO Cinema_Branches VALUES (2, 'Lake Ethanberg', 'AUA Cinema');
INSERT INTO Cinema_Branches VALUES (3, 'East Kylechester', 'AUA Cinema');
INSERT INTO Cinema_Branches VALUES (4, 'East Christopherview', 'AUA Cinema');

INSERT INTO Directors VALUES (401, 'Michael Sutton', '2001-02-11', 'Tuvalu');
INSERT INTO Directors VALUES (402, 'David Thomas', '1958-08-22', 'Norway');
INSERT INTO Directors VALUES (403, 'Bianca Schmidt', '1957-11-15', 'Samoa');
INSERT INTO Directors VALUES (404, 'Jeffrey Monroe', '1984-09-19', 'American Samoa');
INSERT INTO Directors VALUES (405, 'Sandra Miller PhD', '2003-10-09', 'Sri Lanka');
INSERT INTO Directors VALUES (406, 'Jerry Kim', '1952-10-23', 'South Africa');
INSERT INTO Directors VALUES (407, 'Heather Young', '2004-06-10', 'Saudi Arabia');
INSERT INTO Directors VALUES (408, 'Vicki Lambert', '2003-10-16', 'Jersey');
INSERT INTO Directors VALUES (409, 'Mary Reed', '1983-10-14', 'South Georgia and the South Sandwich Islands');
INSERT INTO Directors VALUES (410, 'Deborah West', '1984-11-28', 'San Marino');

INSERT INTO Movies VALUES (1001, 'Key rock.', 402, 'Sci-Fi', '2012-07-21', 8.9, 128);
INSERT INTO Movies VALUES (1002, 'Fall conference.', 404, 'Sci-Fi', '2006-06-10', 4.6, 173);
INSERT INTO Movies VALUES (1003, 'He energy.', 407, 'Horror', '2003-11-07', 6.6, 109);
INSERT INTO Movies VALUES (1004, 'Threat officer nearly.', 410, 'Thriller', '2013-07-22', 5.8, 105);
INSERT INTO Movies VALUES (1005, 'Though reduce.', 405, 'Horror', '1998-10-12', 9.5, 133);
INSERT INTO Movies VALUES (1006, 'Involve pick.', 401, 'Comedy', '2010-02-04', 2.7, 78);
INSERT INTO Movies VALUES (1007, 'Able interesting test.', 404, 'Drama', '2001-12-21', 9.0, 173);
INSERT INTO Movies VALUES (1008, 'Marriage recently.', 408, 'Drama', '2009-06-18', 5.2, 142);
INSERT INTO Movies VALUES (1009, 'Civil including.', 408, 'Horror', '2023-11-11', 2.8, 156);
INSERT INTO Movies VALUES (1010, 'Though sort.', 403, 'Action', '2001-03-24', 4.1, 90);
INSERT INTO Movies VALUES (1011, 'Hear respond case will.', 407, 'Comedy', '2014-11-08', 1.9, 107);
INSERT INTO Movies VALUES (1012, 'Reveal deep.', 401, 'Horror', '2015-04-27', 8.5, 134);
INSERT INTO Movies VALUES (1013, 'Partner.', 404, 'Action', '2018-03-13', 5.4, 153);
INSERT INTO Movies VALUES (1014, 'Although on now consider.', 405, 'Drama', '2000-11-17', 5.0, 95);
INSERT INTO Movies VALUES (1015, 'Skin new.', 409, 'Action', '2001-12-29', 7.2, 69);
INSERT INTO Movies VALUES (1016, 'Attorney poor.', 403, 'Thriller', '2013-03-29', 9.1, 167);
INSERT INTO Movies VALUES (1017, 'Reason wife stay.', 402, 'Action', '2016-04-07', 5.9, 136);
INSERT INTO Movies VALUES (1018, 'Money call.', 406, 'Horror', '2004-11-19', 5.3, 179);
INSERT INTO Movies VALUES (1019, 'Impact trade.', 408, 'Horror', '2013-07-18', 2.7, 67);
INSERT INTO Movies VALUES (1020, 'Recognize voice miss surface.', 403, 'Action', '1995-07-15', 4.3, 159);

INSERT INTO Actors VALUES (5001, 'George Crawford', '1979-07-28', 'F', 'Maldives');
INSERT INTO Actors VALUES (5002, 'Courtney Clark', '1997-09-04', 'F', 'Antigua and Barbuda');
INSERT INTO Actors VALUES (5003, 'Miguel Moore', '1953-04-11', 'F', 'Eritrea');
INSERT INTO Actors VALUES (5004, 'Roger Lewis', '1972-03-24', 'M', 'Namibia');
INSERT INTO Actors VALUES (5005, 'Raymond Vargas', '1972-06-08', 'F', 'Costa Rica');
INSERT INTO Actors VALUES (5006, 'Jessica Stewart', '1974-09-01', 'F', 'Benin');
INSERT INTO Actors VALUES (5007, 'Angel Morse', '1987-10-11', 'F', 'Singapore');
INSERT INTO Actors VALUES (5008, 'Jerry Frey', '1969-11-01', 'M', 'Grenada');
INSERT INTO Actors VALUES (5009, 'Joseph Lynn', '1953-05-31', 'F', 'Tonga');
INSERT INTO Actors VALUES (5010, 'Jacob Moore', '1964-04-10', 'F', 'Gabon');
INSERT INTO Actors VALUES (5011, 'Donna Bailey', '1950-02-06', 'F', 'Guyana');
INSERT INTO Actors VALUES (5012, 'Kevin Aguilar MD', '1967-03-17', 'M', 'Martinique');
INSERT INTO Actors VALUES (5013, 'Walter Williams', '1954-08-28', 'F', 'Uganda');
INSERT INTO Actors VALUES (5014, 'Nancy Barrera', '2004-03-10', 'F', 'Egypt');
INSERT INTO Actors VALUES (5015, 'Melanie Davis', '1968-08-10', 'F', 'Barbados');
INSERT INTO Actors VALUES (5016, 'Robert Lewis', '1992-03-15', 'M', 'Dominica');
INSERT INTO Actors VALUES (5017, 'Taylor Meyer', '2005-12-14', 'F', 'Serbia');
INSERT INTO Actors VALUES (5018, 'Kenneth Oliver', '2000-06-15', 'F', 'Mexico');
INSERT INTO Actors VALUES (5019, 'Ashley Taylor', '1979-08-24', 'M', 'Senegal');
INSERT INTO Actors VALUES (5020, 'Kim Evans', '1980-06-08', 'F', 'French Southern Territories');
INSERT INTO Actors VALUES (5021, 'Jake Huynh', '1954-09-07', 'F', 'Saint Lucia');
INSERT INTO Actors VALUES (5022, 'Joseph Nelson', '1949-07-04', 'M', 'Grenada');
INSERT INTO Actors VALUES (5023, 'Jessica Howell', '2000-01-06', 'M', 'Peru');
INSERT INTO Actors VALUES (5024, 'Donna Gill', '1950-10-06', 'F', 'Bhutan');
INSERT INTO Actors VALUES (5025, 'Zachary Ruiz', '1961-07-16', 'M', 'Canada');
INSERT INTO Actors VALUES (5026, 'Joanna Smith', '1945-04-23', 'F', 'Martinique');
INSERT INTO Actors VALUES (5027, 'Gary Pineda', '1960-02-23', 'M', 'Zimbabwe');
INSERT INTO Actors VALUES (5028, 'Sarah Butler', '2000-03-16', 'F', 'Serbia');
INSERT INTO Actors VALUES (5029, 'Jennifer Moore', '1982-08-31', 'M', 'United Arab Emirates');
INSERT INTO Actors VALUES (5030, 'Julie Miranda', '1991-11-30', 'F', 'Lebanon');
INSERT INTO Actors VALUES (5031, 'Alyssa Bullock', '1976-02-11', 'M', 'Swaziland');
INSERT INTO Actors VALUES (5032, 'Beth Smith', '1952-05-12', 'M', 'Gambia');
INSERT INTO Actors VALUES (5033, 'Steven Duncan', '1992-08-18', 'M', 'Syrian Arab Republic');
INSERT INTO Actors VALUES (5034, 'Michael Pruitt', '1990-05-12', 'M', 'Japan');
INSERT INTO Actors VALUES (5035, 'Joseph Frank', '1989-09-02', 'M', 'Cambodia');
INSERT INTO Actors VALUES (5036, 'Manuel Santos', '1993-02-16', 'F', 'Macao');
INSERT INTO Actors VALUES (5037, 'Paul Perez', '1944-10-12', 'M', 'New Caledonia');
INSERT INTO Actors VALUES (5038, 'Eugene Gordon', '1982-03-13', 'M', 'Korea');
INSERT INTO Actors VALUES (5039, 'Susan Delgado', '1984-09-13', 'M', 'Austria');
INSERT INTO Actors VALUES (5040, 'Wendy Young', '1978-01-09', 'M', 'Saint Vincent and the Grenadines');
INSERT INTO Actors VALUES (5041, 'Jacob Hernandez', '1975-01-30', 'F', 'Svalbard & Jan Mayen Islands');
INSERT INTO Actors VALUES (5042, 'Casey Cooper', '1958-09-27', 'M', 'Papua New Guinea');
INSERT INTO Actors VALUES (5043, 'Brandon Marquez', '1951-11-06', 'F', 'Saint Kitts and Nevis');
INSERT INTO Actors VALUES (5044, 'Brian Payne', '1952-12-17', 'F', 'New Zealand');
INSERT INTO Actors VALUES (5045, 'Allison Murray', '1967-07-26', 'F', 'Hong Kong');
INSERT INTO Actors VALUES (5046, 'Laura Ballard', '1978-03-31', 'F', 'Isle of Man');
INSERT INTO Actors VALUES (5047, 'Scott Rose', '1962-05-28', 'F', 'Guadeloupe');
INSERT INTO Actors VALUES (5048, 'Caleb Harris', '1965-08-05', 'M', 'Honduras');
INSERT INTO Actors VALUES (5049, 'Pamela Huynh', '1963-09-29', 'M', 'Suriname');
INSERT INTO Actors VALUES (5050, 'Allison Marquez', '1969-10-29', 'F', 'Isle of Man');

INSERT INTO Movie_Actors VALUES (1001, 5009, 'Accountant, chartered certified');
INSERT INTO Movie_Actors VALUES (1001, 5049, 'Dancer');
INSERT INTO Movie_Actors VALUES (1001, 5030, 'Site engineer');
INSERT INTO Movie_Actors VALUES (1002, 5007, 'Journalist, broadcasting');
INSERT INTO Movie_Actors VALUES (1002, 5012, 'Hydrologist');
INSERT INTO Movie_Actors VALUES (1002, 5010, 'Set designer');
INSERT INTO Movie_Actors VALUES (1003, 5007, 'Engineer, maintenance (IT)');
INSERT INTO Movie_Actors VALUES (1003, 5014, 'Plant breeder/geneticist');
INSERT INTO Movie_Actors VALUES (1003, 5044, 'Surveyor, mining');
INSERT INTO Movie_Actors VALUES (1003, 5016, 'Hospital pharmacist');
INSERT INTO Movie_Actors VALUES (1003, 5004, 'Administrator, arts');
INSERT INTO Movie_Actors VALUES (1004, 5007, 'Engineer, electronics');
INSERT INTO Movie_Actors VALUES (1004, 5025, 'Chartered public finance accountant');
INSERT INTO Movie_Actors VALUES (1004, 5039, 'Clinical scientist, histocompatibility and immunogenetics');
INSERT INTO Movie_Actors VALUES (1004, 5033, 'Conservation officer, historic buildings');
INSERT INTO Movie_Actors VALUES (1005, 5045, 'Broadcast engineer');
INSERT INTO Movie_Actors VALUES (1005, 5011, 'Surveyor, building');
INSERT INTO Movie_Actors VALUES (1005, 5049, 'Nature conservation officer');
INSERT INTO Movie_Actors VALUES (1005, 5008, 'Engineer, petroleum');
INSERT INTO Movie_Actors VALUES (1005, 5023, 'Intelligence analyst');
INSERT INTO Movie_Actors VALUES (1006, 5006, 'Designer, interior/spatial');
INSERT INTO Movie_Actors VALUES (1006, 5011, 'Administrator, sports');
INSERT INTO Movie_Actors VALUES (1006, 5010, 'Designer, jewellery');
INSERT INTO Movie_Actors VALUES (1007, 5003, 'Electrical engineer');
INSERT INTO Movie_Actors VALUES (1007, 5030, 'Artist');
INSERT INTO Movie_Actors VALUES (1007, 5026, 'Automotive engineer');
INSERT INTO Movie_Actors VALUES (1007, 5005, 'Exercise physiologist');
INSERT INTO Movie_Actors VALUES (1007, 5020, 'Press sub');
INSERT INTO Movie_Actors VALUES (1007, 5024, 'Systems developer');
INSERT INTO Movie_Actors VALUES (1007, 5010, 'Editor, magazine features');
INSERT INTO Movie_Actors VALUES (1008, 5021, 'Outdoor activities/education manager');
INSERT INTO Movie_Actors VALUES (1008, 5029, 'Catering manager');
INSERT INTO Movie_Actors VALUES (1008, 5035, 'Radiographer, therapeutic');
INSERT INTO Movie_Actors VALUES (1008, 5048, 'Scientific laboratory technician');
INSERT INTO Movie_Actors VALUES (1009, 5002, 'Designer, fashion/clothing');
INSERT INTO Movie_Actors VALUES (1009, 5019, 'Clinical research associate');
INSERT INTO Movie_Actors VALUES (1009, 5028, 'Audiological scientist');
INSERT INTO Movie_Actors VALUES (1009, 5012, 'Magazine journalist');
INSERT INTO Movie_Actors VALUES (1009, 5027, 'Web designer');
INSERT INTO Movie_Actors VALUES (1009, 5003, 'Associate Professor');
INSERT INTO Movie_Actors VALUES (1010, 5038, 'Scientist, physiological');
INSERT INTO Movie_Actors VALUES (1010, 5010, 'Scientist, research (life sciences)');
INSERT INTO Movie_Actors VALUES (1010, 5037, 'Ecologist');
INSERT INTO Movie_Actors VALUES (1011, 5027, 'Chemist, analytical');
INSERT INTO Movie_Actors VALUES (1011, 5019, 'Physiological scientist');
INSERT INTO Movie_Actors VALUES (1011, 5011, 'Industrial/product designer');
INSERT INTO Movie_Actors VALUES (1011, 5048, 'Pharmacist, community');
INSERT INTO Movie_Actors VALUES (1011, 5007, 'Human resources officer');
INSERT INTO Movie_Actors VALUES (1011, 5031, 'Financial risk analyst');
INSERT INTO Movie_Actors VALUES (1012, 5009, 'Garment/textile technologist');
INSERT INTO Movie_Actors VALUES (1012, 5026, 'Herbalist');
INSERT INTO Movie_Actors VALUES (1012, 5028, 'Technical sales engineer');
INSERT INTO Movie_Actors VALUES (1012, 5016, 'Surveyor, building');
INSERT INTO Movie_Actors VALUES (1012, 5025, 'Pensions consultant');
INSERT INTO Movie_Actors VALUES (1013, 5021, 'Heritage manager');
INSERT INTO Movie_Actors VALUES (1013, 5003, 'Health service manager');
INSERT INTO Movie_Actors VALUES (1013, 5022, 'Engineer, mining');
INSERT INTO Movie_Actors VALUES (1013, 5016, 'Chief Strategy Officer');
INSERT INTO Movie_Actors VALUES (1014, 5007, 'Chartered accountant');
INSERT INTO Movie_Actors VALUES (1014, 5010, 'Designer, multimedia');
INSERT INTO Movie_Actors VALUES (1014, 5045, 'Art gallery manager');
INSERT INTO Movie_Actors VALUES (1014, 5017, 'Communications engineer');
INSERT INTO Movie_Actors VALUES (1015, 5016, 'Forest/woodland manager');
INSERT INTO Movie_Actors VALUES (1015, 5025, 'Dealer');
INSERT INTO Movie_Actors VALUES (1015, 5043, 'English as a foreign language teacher');
INSERT INTO Movie_Actors VALUES (1015, 5027, 'Industrial/product designer');
INSERT INTO Movie_Actors VALUES (1015, 5001, 'Chiropodist');
INSERT INTO Movie_Actors VALUES (1015, 5035, 'Civil engineer, contracting');
INSERT INTO Movie_Actors VALUES (1016, 5019, 'Research officer, government');
INSERT INTO Movie_Actors VALUES (1016, 5029, 'Private music teacher');
INSERT INTO Movie_Actors VALUES (1016, 5009, 'Tour manager');
INSERT INTO Movie_Actors VALUES (1016, 5008, 'Civil Service administrator');
INSERT INTO Movie_Actors VALUES (1016, 5040, 'Armed forces training and education officer');
INSERT INTO Movie_Actors VALUES (1016, 5037, 'Teaching laboratory technician');
INSERT INTO Movie_Actors VALUES (1016, 5033, 'Sports administrator');
INSERT INTO Movie_Actors VALUES (1017, 5025, 'Petroleum engineer');
INSERT INTO Movie_Actors VALUES (1017, 5035, 'Copywriter, advertising');
INSERT INTO Movie_Actors VALUES (1017, 5011, 'Purchasing manager');
INSERT INTO Movie_Actors VALUES (1017, 5050, 'Exhibitions officer, museum/gallery');
INSERT INTO Movie_Actors VALUES (1017, 5030, 'Purchasing manager');
INSERT INTO Movie_Actors VALUES (1018, 5025, 'Learning disability nurse');
INSERT INTO Movie_Actors VALUES (1018, 5030, 'Medical physicist');
INSERT INTO Movie_Actors VALUES (1018, 5015, 'Company secretary');
INSERT INTO Movie_Actors VALUES (1018, 5033, 'Accountant, chartered');
INSERT INTO Movie_Actors VALUES (1018, 5040, 'Recruitment consultant');
INSERT INTO Movie_Actors VALUES (1018, 5011, 'Chartered management accountant');
INSERT INTO Movie_Actors VALUES (1019, 5049, 'Chiropractor');
INSERT INTO Movie_Actors VALUES (1019, 5006, 'Geophysical data processor');
INSERT INTO Movie_Actors VALUES (1019, 5014, 'Product/process development scientist');
INSERT INTO Movie_Actors VALUES (1019, 5001, 'Administrator, local government');
INSERT INTO Movie_Actors VALUES (1019, 5017, 'Pharmacist, community');
INSERT INTO Movie_Actors VALUES (1019, 5018, 'Corporate treasurer');
INSERT INTO Movie_Actors VALUES (1020, 5005, 'Race relations officer');
INSERT INTO Movie_Actors VALUES (1020, 5007, 'Surveyor, rural practice');
INSERT INTO Movie_Actors VALUES (1020, 5002, 'Biochemist, clinical');
INSERT INTO Movie_Actors VALUES (1020, 5047, 'Cartographer');
INSERT INTO Movie_Actors VALUES (1020, 5035, 'Fitness centre manager');
INSERT INTO Movie_Actors VALUES (1020, 5031, 'Engineer, structural');

INSERT INTO Screening VALUES (10001, 'Seat', '05:21:29', '2024-12-28', 1018, 'AUA Cinema');
INSERT INTO Screening VALUES (10002, 'Challenge', '20:28:55', '2024-09-09', 1017, 'AUA Cinema');
INSERT INTO Screening VALUES (10003, 'Later', '03:20:00', '2024-05-04', 1004, 'AUA Cinema');
INSERT INTO Screening VALUES (10004, 'High', '19:01:53', '2024-02-12', 1020, 'AUA Cinema');
INSERT INTO Screening VALUES (10005, 'Skin', '11:27:04', '2024-06-07', 1012, 'AUA Cinema');
INSERT INTO Screening VALUES (10006, 'Site', '10:00:01', '2024-12-01', 1007, 'AUA Cinema');
INSERT INTO Screening VALUES (10007, 'Professor', '02:52:06', '2024-05-19', 1015, 'AUA Cinema');
INSERT INTO Screening VALUES (10008, 'Place', '14:38:49', '2025-02-19', 1007, 'AUA Cinema');
INSERT INTO Screening VALUES (10009, 'Million', '20:52:22', '2024-05-01', 1011, 'AUA Cinema');
INSERT INTO Screening VALUES (10010, 'Television', '03:54:20', '2024-12-23', 1008, 'AUA Cinema');
INSERT INTO Screening VALUES (10011, 'Successful', '17:49:42', '2024-09-28', 1004, 'AUA Cinema');
INSERT INTO Screening VALUES (10012, 'Indeed', '07:50:21', '2025-04-16', 1016, 'AUA Cinema');

INSERT INTO Customer VALUES ('jroberts@example.org', '(229)580-7718x8728', 'William Williams');
INSERT INTO Customer VALUES ('rachel05@example.org', '001-576-592-7369x6066', 'Jenny Williams');
INSERT INTO Customer VALUES ('griffinjennifer@example.net', '(268)227-1779x7188', 'Katherine Thompson');
INSERT INTO Customer VALUES ('johnsonjacqueline@example.net', '477.406.0347', 'Roger Dudley');
INSERT INTO Customer VALUES ('annettephillips@example.net', '437.509.3171x1916', 'Amy Johnson');
INSERT INTO Customer VALUES ('jenniferbeasley@example.net', '427-892-2398x91868', 'Danielle Parker');
INSERT INTO Customer VALUES ('aingram@example.org', '001-277-432-4073x84989', 'David Alexander');
INSERT INTO Customer VALUES ('inelson@example.org', '270-911-1519x29797', 'Alicia Montgomery');
INSERT INTO Customer VALUES ('christopher66@example.org', '+1-635-821-9216x947', 'Kathleen Garcia');
INSERT INTO Customer VALUES ('eturner@example.com', '337.700.6817x943', 'Tracy Smith');
INSERT INTO Customer VALUES ('alisonjohnson@example.com', '001-660-962-6052x2563', 'Brent Zhang');
INSERT INTO Customer VALUES ('sanchezjuan@example.net', '(884)900-3418x3216', 'Emily Scott');
INSERT INTO Customer VALUES ('ocampbell@example.com', '473-311-3153', 'Hannah Wright');
INSERT INTO Customer VALUES ('david56@example.com', '001-866-961-5968x244', 'Kim Browning');
INSERT INTO Customer VALUES ('gomezmaria@example.net', '3555696862', 'Michelle Sanders');
INSERT INTO Customer VALUES ('lawsonjamie@example.net', '+1-766-578-3691x4770', 'Kathleen Hill');
INSERT INTO Customer VALUES ('nicholasmitchell@example.com', '001-342-405-1234x49507', 'Julie Bell');
INSERT INTO Customer VALUES ('qgarcia@example.org', '910.401.6323', 'Erin Weaver');
INSERT INTO Customer VALUES ('hfox@example.com', '001-696-507-4194', 'Karen Morrison');
INSERT INTO Customer VALUES ('sjohnson@example.net', '+1-872-457-3947x8654', 'Mark Johnson');
INSERT INTO Customer VALUES ('bclark@example.net', '001-745-669-3690x76890', 'Suzanne Jones');
INSERT INTO Customer VALUES ('dmiller@example.com', '001-333-418-7027x7300', 'Katie Phillips');
INSERT INTO Customer VALUES ('benjamin97@example.net', '414.463.0074x782', 'Michael Peterson');
INSERT INTO Customer VALUES ('williamsstacey@example.com', '296-453-3483x55162', 'Christina Calhoun');
INSERT INTO Customer VALUES ('efrye@example.net', '601-909-1471x795', 'Allison Chapman');
INSERT INTO Customer VALUES ('patricia42@example.com', '(845)467-8623x1273', 'Lisa Williams');
INSERT INTO Customer VALUES ('wendymorgan@example.org', '001-889-687-5895x030', 'David Bruce');
INSERT INTO Customer VALUES ('richardsjennifer@example.com', '(410)819-7226', 'Michelle Lewis');
INSERT INTO Customer VALUES ('williamsjeffrey@example.com', '001-337-748-4370x648', 'Maria Hayes');
INSERT INTO Customer VALUES ('mary53@example.net', '735-862-5857x076', 'Linda Snow');
INSERT INTO Customer VALUES ('gwilliams@example.net', '+1-871-630-1717', 'Scott Forbes');
INSERT INTO Customer VALUES ('victor08@example.com', '001-451-494-2928x863', 'Monica English');
INSERT INTO Customer VALUES ('wayne88@example.com', '254.579.1515', 'Danielle Craig');
INSERT INTO Customer VALUES ('petersonjason@example.net', '+1-404-701-3207', 'Theresa Park');
INSERT INTO Customer VALUES ('kmorgan@example.org', '+1-956-228-0453', 'Amber Dyer');
INSERT INTO Customer VALUES ('curtischarles@example.org', '(377)942-5825x817', 'Heather Williams');
INSERT INTO Customer VALUES ('frivers@example.com', '001-290-634-0777x4348', 'Evan Pittman');
INSERT INTO Customer VALUES ('taramoody@example.org', '(383)923-8114x983', 'Leslie Evans');
INSERT INTO Customer VALUES ('tjames@example.com', '921-551-4028x7981', 'Cindy Thomas');
INSERT INTO Customer VALUES ('jenniferjackson@example.org', '206.557.4383x0482', 'Justin Murphy');
INSERT INTO Customer VALUES ('dbenton@example.net', '001-383-474-8224x4981', 'Lisa Phillips');
INSERT INTO Customer VALUES ('tammy48@example.net', '686.720.9517x8562', 'Jordan James');
INSERT INTO Customer VALUES ('stevensdebra@example.net', '+1-679-473-0990x291', 'Brittany Jackson');
INSERT INTO Customer VALUES ('williamsbrandon@example.net', '355.460.3669x265', 'Michael Patterson');
INSERT INTO Customer VALUES ('irice@example.org', '265.311.4038', 'David Harper');
INSERT INTO Customer VALUES ('kweaver@example.net', '001-267-655-7097x1911', 'Dr. Rachel Farrell');
INSERT INTO Customer VALUES ('ramseymatthew@example.com', '001-714-275-8876', 'Cynthia Cain');
INSERT INTO Customer VALUES ('terri82@example.com', '(709)859-3325x70724', 'Breanna Fox');
INSERT INTO Customer VALUES ('josephdavis@example.net', '989.989.0624x979', 'Robert Campbell');
INSERT INTO Customer VALUES ('sullivanapril@example.net', '378.957.8133', 'Tyrone Young');
INSERT INTO Customer VALUES ('kathryn80@example.net', '(348)515-6663x382', 'Angela Brewer');
INSERT INTO Customer VALUES ('spencerjoseph@example.com', '4274822749', 'Brandy Perez');
INSERT INTO Customer VALUES ('richard09@example.com', '(754)706-7335x19227', 'Nicholas Allen');
INSERT INTO Customer VALUES ('joshua30@example.org', '+1-282-651-8282', 'Daniel Lyons');
INSERT INTO Customer VALUES ('jacksonkeith@example.com', '(240)275-0675x9462', 'Heather Rogers');
INSERT INTO Customer VALUES ('richard26@example.org', '6407721505', 'Mark Manning');
INSERT INTO Customer VALUES ('jeremiahsmith@example.com', '001-400-367-7183', 'Christian Thompson');
INSERT INTO Customer VALUES ('matthew66@example.org', '279-746-2728', 'Traci Ramos');
INSERT INTO Customer VALUES ('gary88@example.org', '(534)844-4196x893', 'Joanna Trevino');
INSERT INTO Customer VALUES ('ashley66@example.org', '657.731.3972x13721', 'Karen Hughes');
INSERT INTO Customer VALUES ('tara36@example.net', '714-906-3942x9406', 'Amy Patterson');
INSERT INTO Customer VALUES ('daniel41@example.net', '(230)426-3033', 'Danielle Lucero');
INSERT INTO Customer VALUES ('donnamorales@example.net', '888.458.2007x345', 'Jennifer Green');
INSERT INTO Customer VALUES ('daniellemarks@example.org', '558.691.1251x6851', 'David Norman');
INSERT INTO Customer VALUES ('ecastaneda@example.com', '950-935-1613', 'Gabriel Ashley');
INSERT INTO Customer VALUES ('wjordan@example.net', '532-822-7198x65550', 'Paul Owen');
INSERT INTO Customer VALUES ('awatkins@example.com', '662.418.4855x925', 'Sheryl Nichols');
INSERT INTO Customer VALUES ('courtneyreyes@example.net', '257-424-4268', 'Nicole Smith');
INSERT INTO Customer VALUES ('fbrowning@example.com', '742-452-6114x155', 'Kyle Farley');
INSERT INTO Customer VALUES ('nicholekim@example.org', '985-694-3447', 'Steven Garrett');
INSERT INTO Customer VALUES ('yvonne92@example.com', '001-233-727-8009x978', 'Meagan Foster');
INSERT INTO Customer VALUES ('amyrichards@example.com', '577.948.9968x017', 'Brooke Ortega');
INSERT INTO Customer VALUES ('lknight@example.org', '431-880-3137x6612', 'Patrick Salazar');
INSERT INTO Customer VALUES ('glozano@example.net', '833.908.4078x5007', 'Steven Anderson');
INSERT INTO Customer VALUES ('kacosta@example.net', '920.469.4452x28055', 'Michele Phillips');
INSERT INTO Customer VALUES ('colleenmartin@example.com', '+1-800-957-2370x53381', 'Alice Moran');
INSERT INTO Customer VALUES ('millerlynn@example.org', '732.797.9545x86917', 'Andrea Taylor');
INSERT INTO Customer VALUES ('davidgilmore@example.net', '554-386-8236x4728', 'Roberta Miller');
INSERT INTO Customer VALUES ('michael88@example.net', '+1-237-302-7632', 'Melissa Phillips');
INSERT INTO Customer VALUES ('stephen31@example.com', '545-287-8353x7500', 'Laura Price');

INSERT INTO Reservations VALUES (17001, 10008, 'jroberts@example.org', 28, True, 22, '2024-09-19', '21:09:48');
INSERT INTO Reservations VALUES (17002, 10010, 'rachel05@example.org', 100, True, 73, '2024-05-21', '02:52:10');
INSERT INTO Reservations VALUES (17003, 10009, 'griffinjennifer@example.net', 60, True, 69, '2024-10-29', '20:25:06');
INSERT INTO Reservations VALUES (17004, 10004, 'johnsonjacqueline@example.net', 62, False, 8, '2025-02-19', '18:16:56');
INSERT INTO Reservations VALUES (17005, 10001, 'annettephillips@example.net', 41, False, 20, '2025-04-13', '09:01:02');
INSERT INTO Reservations VALUES (17006, 10002, 'jenniferbeasley@example.net', 80, True, 44, '2024-09-30', '09:07:53');
INSERT INTO Reservations VALUES (17007, 10003, 'aingram@example.org', 94, False, 34, '2024-12-11', '13:56:55');
INSERT INTO Reservations VALUES (17008, 10002, 'inelson@example.org', 16, False, 85, '2024-10-24', '05:23:31');
INSERT INTO Reservations VALUES (17009, 10011, 'christopher66@example.org', 17, False, 47, '2024-11-12', '08:02:34');
INSERT INTO Reservations VALUES (17010, 10009, 'eturner@example.com', 36, False, 51, '2025-01-27', '00:06:33');
INSERT INTO Reservations VALUES (17011, 10009, 'alisonjohnson@example.com', 53, False, 9, '2024-10-24', '04:09:16');
INSERT INTO Reservations VALUES (17012, 10007, 'sanchezjuan@example.net', 19, False, 95, '2024-10-13', '01:24:02');
INSERT INTO Reservations VALUES (17013, 10008, 'ocampbell@example.com', 96, False, 6, '2024-12-27', '20:57:20');
INSERT INTO Reservations VALUES (17014, 10008, 'david56@example.com', 30, True, 40, '2024-10-04', '21:52:56');
INSERT INTO Reservations VALUES (17015, 10011, 'gomezmaria@example.net', 31, True, 41, '2024-08-29', '11:08:23');
INSERT INTO Reservations VALUES (17016, 10006, 'lawsonjamie@example.net', 97, False, 31, '2024-12-31', '18:37:31');
INSERT INTO Reservations VALUES (17017, 10004, 'nicholasmitchell@example.com', 26, True, 19, '2025-03-22', '20:15:01');
INSERT INTO Reservations VALUES (17018, 10012, 'qgarcia@example.org', 61, True, 51, '2025-01-24', '10:55:15');
INSERT INTO Reservations VALUES (17019, 10006, 'hfox@example.com', 76, False, 68, '2025-02-22', '16:20:44');
INSERT INTO Reservations VALUES (17020, 10010, 'sjohnson@example.net', 26, False, 17, '2024-07-22', '03:27:28');
INSERT INTO Reservations VALUES (17021, 10012, 'bclark@example.net', 28, True, 86, '2024-12-02', '12:55:18');
INSERT INTO Reservations VALUES (17022, 10002, 'dmiller@example.com', 100, True, 85, '2024-05-02', '06:14:40');
INSERT INTO Reservations VALUES (17023, 10012, 'benjamin97@example.net', 82, False, 33, '2025-04-23', '21:24:40');
INSERT INTO Reservations VALUES (17024, 10005, 'williamsstacey@example.com', 14, False, 50, '2024-07-17', '10:23:39');
INSERT INTO Reservations VALUES (17025, 10012, 'efrye@example.net', 63, False, 67, '2024-06-13', '10:46:54');
INSERT INTO Reservations VALUES (17026, 10006, 'patricia42@example.com', 30, True, 79, '2024-12-31', '11:19:09');
INSERT INTO Reservations VALUES (17027, 10002, 'wendymorgan@example.org', 69, False, 60, '2024-10-16', '05:24:00');
INSERT INTO Reservations VALUES (17028, 10001, 'richardsjennifer@example.com', 42, False, 44, '2025-04-17', '19:56:19');
INSERT INTO Reservations VALUES (17029, 10008, 'williamsjeffrey@example.com', 26, False, 79, '2024-11-12', '14:19:13');
INSERT INTO Reservations VALUES (17030, 10007, 'mary53@example.net', 54, False, 38, '2024-12-19', '14:53:34');
INSERT INTO Reservations VALUES (17031, 10001, 'gwilliams@example.net', 91, False, 53, '2025-02-15', '08:59:21');
INSERT INTO Reservations VALUES (17032, 10002, 'victor08@example.com', 89, True, 21, '2024-07-31', '07:01:48');
INSERT INTO Reservations VALUES (17033, 10008, 'wayne88@example.com', 34, False, 39, '2024-08-20', '22:17:51');
INSERT INTO Reservations VALUES (17034, 10010, 'petersonjason@example.net', 78, False, 86, '2024-07-01', '16:55:28');
INSERT INTO Reservations VALUES (17035, 10007, 'kmorgan@example.org', 73, True, 36, '2024-12-18', '10:09:05');
INSERT INTO Reservations VALUES (17036, 10002, 'curtischarles@example.org', 15, False, 89, '2025-01-28', '01:05:54');
INSERT INTO Reservations VALUES (17037, 10004, 'frivers@example.com', 57, False, 34, '2024-12-24', '05:48:49');
INSERT INTO Reservations VALUES (17038, 10002, 'taramoody@example.org', 31, True, 25, '2024-06-23', '21:36:27');
INSERT INTO Reservations VALUES (17039, 10001, 'tjames@example.com', 79, False, 70, '2024-09-22', '19:27:46');
INSERT INTO Reservations VALUES (17040, 10005, 'jenniferjackson@example.org', 15, False, 33, '2024-07-09', '02:41:08');
INSERT INTO Reservations VALUES (17041, 10001, 'dbenton@example.net', 51, False, 81, '2024-07-02', '01:26:22');
INSERT INTO Reservations VALUES (17042, 10003, 'tammy48@example.net', 39, True, 54, '2024-11-25', '05:20:02');
INSERT INTO Reservations VALUES (17043, 10008, 'stevensdebra@example.net', 40, False, 92, '2024-09-23', '17:18:42');
INSERT INTO Reservations VALUES (17044, 10004, 'williamsbrandon@example.net', 30, False, 43, '2024-11-19', '02:49:23');
INSERT INTO Reservations VALUES (17045, 10008, 'irice@example.org', 34, False, 77, '2024-12-24', '10:38:14');
INSERT INTO Reservations VALUES (17046, 10007, 'kweaver@example.net', 86, True, 75, '2025-04-25', '01:15:26');
INSERT INTO Reservations VALUES (17047, 10007, 'ramseymatthew@example.com', 42, False, 77, '2025-04-19', '01:58:32');
INSERT INTO Reservations VALUES (17048, 10007, 'terri82@example.com', 29, True, 30, '2024-09-19', '05:34:51');
INSERT INTO Reservations VALUES (17049, 10001, 'josephdavis@example.net', 91, True, 31, '2024-10-28', '21:56:24');
INSERT INTO Reservations VALUES (17050, 10009, 'sullivanapril@example.net', 79, True, 19, '2024-05-17', '14:12:37');
INSERT INTO Reservations VALUES (17051, 10003, 'kathryn80@example.net', 71, True, 50, '2025-03-04', '05:40:02');
INSERT INTO Reservations VALUES (17052, 10009, 'spencerjoseph@example.com', 29, True, 71, '2024-08-22', '11:39:46');
INSERT INTO Reservations VALUES (17053, 10006, 'richard09@example.com', 41, False, 52, '2024-10-31', '13:51:54');
INSERT INTO Reservations VALUES (17054, 10010, 'joshua30@example.org', 79, False, 45, '2025-02-20', '07:37:05');
INSERT INTO Reservations VALUES (17055, 10001, 'jacksonkeith@example.com', 39, False, 57, '2024-12-20', '12:58:33');
INSERT INTO Reservations VALUES (17056, 10003, 'richard26@example.org', 58, True, 2, '2024-10-06', '22:07:41');
INSERT INTO Reservations VALUES (17057, 10007, 'jeremiahsmith@example.com', 72, True, 51, '2025-01-08', '08:52:16');
INSERT INTO Reservations VALUES (17058, 10001, 'matthew66@example.org', 82, False, 97, '2024-06-26', '14:08:33');
INSERT INTO Reservations VALUES (17059, 10012, 'gary88@example.org', 58, False, 31, '2024-09-30', '04:12:57');
INSERT INTO Reservations VALUES (17060, 10011, 'ashley66@example.org', 35, True, 93, '2024-08-02', '13:47:36');
INSERT INTO Reservations VALUES (17061, 10010, 'tara36@example.net', 21, True, 70, '2024-06-25', '08:00:40');
INSERT INTO Reservations VALUES (17062, 10002, 'daniel41@example.net', 28, False, 20, '2024-11-26', '12:43:59');
INSERT INTO Reservations VALUES (17063, 10006, 'donnamorales@example.net', 79, True, 16, '2025-01-31', '05:45:12');
INSERT INTO Reservations VALUES (17064, 10006, 'daniellemarks@example.org', 77, True, 62, '2024-12-10', '01:16:29');
INSERT INTO Reservations VALUES (17065, 10012, 'ecastaneda@example.com', 16, True, 53, '2024-06-24', '04:31:37');
INSERT INTO Reservations VALUES (17066, 10003, 'wjordan@example.net', 35, False, 74, '2024-12-27', '22:26:50');
INSERT INTO Reservations VALUES (17067, 10001, 'awatkins@example.com', 84, True, 89, '2024-08-23', '03:04:08');
INSERT INTO Reservations VALUES (17068, 10002, 'courtneyreyes@example.net', 26, False, 48, '2024-07-29', '01:13:02');
INSERT INTO Reservations VALUES (17069, 10011, 'nicholekim@example.org', 52, False, 99, '2025-03-13', '23:42:06');
INSERT INTO Reservations VALUES (17070, 10004, 'yvonne92@example.com', 33, True, 29, '2025-04-21', '00:37:59');
INSERT INTO Reservations VALUES (17071, 10005, 'amyrichards@example.com', 42, False, 51, '2025-04-10', '09:37:42');
INSERT INTO Reservations VALUES (17072, 10010, 'lknight@example.org', 51, True, 27, '2025-01-06', '10:27:08');
INSERT INTO Reservations VALUES (17073, 10003, 'glozano@example.net', 13, True, 36, '2024-05-31', '22:18:06');
INSERT INTO Reservations VALUES (17074, 10010, 'kacosta@example.net', 81, False, 76, '2024-12-10', '07:03:08');
INSERT INTO Reservations VALUES (17075, 10003, 'colleenmartin@example.com', 98, False, 82, '2024-10-15', '04:29:34');
INSERT INTO Reservations VALUES (17076, 10009, 'millerlynn@example.org', 73, True, 75, '2024-11-08', '06:50:13');
INSERT INTO Reservations VALUES (17077, 10004, 'davidgilmore@example.net', 20, False, 62, '2025-03-18', '19:41:29');
INSERT INTO Reservations VALUES (17078, 10010, 'michael88@example.net', 59, False, 52, '2024-08-14', '22:08:44');
INSERT INTO Reservations VALUES (17079, 10002, 'stephen31@example.com', 82, False, 96, '2024-05-04', '08:29:59');
INSERT INTO Reservations VALUES (17080, 10009, 'colleenmartin@example.com', 100, True, 100, '2025-01-15', '04:24:35');
INSERT INTO Reservations VALUES (17081, 10009, 'sanchezjuan@example.net', 49, False, 26, '2025-01-03', '17:09:23');
INSERT INTO Reservations VALUES (17082, 10001, 'lawsonjamie@example.net', 97, True, 100, '2024-09-17', '12:27:15');
INSERT INTO Reservations VALUES (17083, 10012, 'dmiller@example.com', 60, False, 53, '2024-05-07', '06:34:38');
INSERT INTO Reservations VALUES (17084, 10009, 'wendymorgan@example.org', 55, True, 16, '2024-05-23', '14:43:39');
INSERT INTO Reservations VALUES (17085, 10004, 'tjames@example.com', 52, False, 66, '2024-10-01', '02:45:57');
INSERT INTO Reservations VALUES (17086, 10009, 'irice@example.org', 35, True, 81, '2024-08-02', '14:33:54');
INSERT INTO Reservations VALUES (17087, 10009, 'sullivanapril@example.net', 66, True, 81, '2025-04-16', '04:59:41');
INSERT INTO Reservations VALUES (17088, 10008, 'griffinjennifer@example.net', 67, True, 66, '2024-06-08', '15:39:16');
INSERT INTO Reservations VALUES (17089, 10003, 'aingram@example.org', 63, True, 49, '2024-05-08', '05:07:47');
INSERT INTO Reservations VALUES (17090, 10005, 'ocampbell@example.com', 45, True, 69, '2025-04-26', '05:44:14');
INSERT INTO Reservations VALUES (17091, 10005, 'lawsonjamie@example.net', 81, False, 4, '2024-08-08', '10:41:28');
INSERT INTO Reservations VALUES (17092, 10012, 'sjohnson@example.net', 62, False, 83, '2024-05-23', '11:57:45');
INSERT INTO Reservations VALUES (17093, 10009, 'richardsjennifer@example.com', 26, True, 73, '2024-10-17', '00:24:36');
INSERT INTO Reservations VALUES (17094, 10008, 'kmorgan@example.org', 24, False, 13, '2024-07-06', '02:35:44');
INSERT INTO Reservations VALUES (17095, 10004, 'tammy48@example.net', 20, True, 48, '2024-11-23', '12:41:40');
INSERT INTO Reservations VALUES (17096, 10012, 'ramseymatthew@example.com', 89, False, 42, '2025-01-27', '00:00:01');
INSERT INTO Reservations VALUES (17097, 10005, 'sullivanapril@example.net', 67, False, 64, '2024-08-29', '00:27:05');
INSERT INTO Reservations VALUES (17098, 10004, 'terri82@example.com', 41, True, 79, '2024-11-11', '07:23:11');
INSERT INTO Reservations VALUES (17099, 10012, 'tara36@example.net', 55, False, 28, '2024-05-01', '18:58:08');
INSERT INTO Reservations VALUES (17100, 10010, 'courtneyreyes@example.net', 67, True, 12, '2024-06-15', '16:35:02');

INSERT INTO Budget VALUES (41, 88774, 471123, 36972, 5681, 27141, 'AUA Cinema');

INSERT INTO Staff VALUES (4001, 'Estate agent', 'Victoria Simon', 'xhunt@example.net', 73500, 1);
INSERT INTO Staff VALUES (4002, 'Conservator, furniture', 'Shane Murray', 'tburgess@example.org', 60600, 1);
INSERT INTO Staff VALUES (4003, 'Jewellery designer', 'Robert Smith', 'akelley@example.net', 68000, 1);
INSERT INTO Staff VALUES (4004, 'Buyer, industrial', 'Barbara Carter', 'rowefaith@example.com', 76700, 1);
INSERT INTO Staff VALUES (4005, 'Professor Emeritus', 'Stephanie Copeland', 'lbrandt@example.com', 32900, 1);
INSERT INTO Staff VALUES (4006, 'Surveyor, insurance', 'Darryl Martin', 'nguyenlinda@example.net', 79100, 1);
INSERT INTO Staff VALUES (4007, 'Designer, fashion/clothing', 'Lindsay Alvarado', 'anthonyfinley@example.com', 70400, 1);
INSERT INTO Staff VALUES (4008, 'Medical sales representative', 'Lindsey Padilla', 'ryan32@example.com', 44200, 1);
INSERT INTO Staff VALUES (4009, 'Designer, textile', 'Marcus Lester', 'matthewbrown@example.org', 68400, 2);
INSERT INTO Staff VALUES (4010, 'Commercial/residential surveyor', 'Terry Fernandez', 'williamstracy@example.net', 44900, 2);
INSERT INTO Staff VALUES (4011, 'Copywriter, advertising', 'Mr. Thomas Stephens', 'lindseylopez@example.com', 53800, 2);
INSERT INTO Staff VALUES (4012, 'Engineer, electrical', 'John Joseph', 'bdavis@example.com', 38100, 2);
INSERT INTO Staff VALUES (4013, 'Film/video editor', 'Brittney Whitney', 'kristin63@example.com', 52300, 2);
INSERT INTO Staff VALUES (4014, 'Pension scheme manager', 'Richard Marquez', 'ortizdavid@example.com', 34300, 2);
INSERT INTO Staff VALUES (4015, 'Chartered loss adjuster', 'Charles Ramos', 'calebmurray@example.com', 55100, 2);
INSERT INTO Staff VALUES (4016, 'Theme park manager', 'James Lopez', 'toddgordon@example.net', 55900, 2);
INSERT INTO Staff VALUES (4017, 'Teacher, English as a foreign language', 'Michael Hoffman', 'bmorse@example.net', 74200, 3);
INSERT INTO Staff VALUES (4018, 'Media buyer', 'Bill Howard', 'elizabeth06@example.com', 78500, 3);
INSERT INTO Staff VALUES (4019, 'Lawyer', 'Dennis Pitts', 'megan80@example.org', 49900, 3);
INSERT INTO Staff VALUES (4020, 'Nurse, mental health', 'Ryan Foley', 'wwilliams@example.org', 63700, 3);
INSERT INTO Staff VALUES (4021, 'Records manager', 'Curtis Lee', 'cameronmarquez@example.org', 35700, 3);
INSERT INTO Staff VALUES (4022, 'Teaching laboratory technician', 'Laura Simmons', 'torressteve@example.com', 58400, 3);
INSERT INTO Staff VALUES (4023, 'Education administrator', 'Logan Thomas', 'tmiller@example.net', 48800, 3);
INSERT INTO Staff VALUES (4024, 'Structural engineer', 'Adam Castaneda', 'dianecox@example.com', 30100, 4);
INSERT INTO Staff VALUES (4025, 'Animator', 'Nicholas Gordon', 'egonzalez@example.com', 78500, 4);
INSERT INTO Staff VALUES (4026, 'Therapist, nutritional', 'Gabriel Lozano', 'zachary86@example.net', 31600, 4);
INSERT INTO Staff VALUES (4027, 'Private music teacher', 'Alexander Gonzalez', 'jeffery73@example.org', 38400, 4);
INSERT INTO Staff VALUES (4028, 'Radiographer, diagnostic', 'Evelyn Leonard', 'andradedylan@example.com', 56700, 4);
INSERT INTO Staff VALUES (4029, 'Secondary school teacher', 'Nicholas Taylor', 'yvette65@example.org', 67300, 4);
INSERT INTO Staff VALUES (4030, 'Television/film/video producer', 'Craig Reyes', 'parkerkayla@example.org', 64700, 4);
